cause,unit,underlying_male,underlying_female,underlying_persons,multiple_male,multiple_female,multiple_persons,ratio,mur_male,mur_female,mur_persons,data_year
Hypertensive diseases (I10-I15),no.,1185,1677,2862,13202,13891,27093,9.5,11.140928270042194,8.28324388789505,9.466457023060796,2023
Essential (primary) hypertension (I10),no.,269,575,844,11253,12167,23420,27.7,41.83271375464684,21.16,27.748815165876778,2023
Hypertensive heart disease (I11),no.,500,614,1114,1154,914,2068,1.9,2.308,1.488599348534202,1.8563734290843803,2023
Hypertensive renal disease (I12),no.,161,250,411,227,299,526,1.3,1.409937888198758,1.196,1.2798053527980535,2023
Hypertensive heart and renal disease (I13),no.,255,238,493,488,397,885,1.8,1.9137254901960783,1.6680672268907564,1.795131845841785,2023
Secondary hypertension (I15),no.,0,0,0,80,114,194,NA,NA,NA,NA,2023
