cause_short,cause_code,cause_desc,total_mcd,total_ucd,crude_mur,age_std_mur,abs_difference,pct_difference,material
Diabetes,GR113-046,Diabetes mellitus (E10-E14),388044,102182,3.7975768726390164,2.491353544624576,-1.3062233280144406,-34.39623138179474,TRUE
Alzheimer,GR113-052,Alzheimer disease (G30),174143,134234,1.297309176512657,1.566348704285388,0.2690395277727311,20.738273700949673,TRUE
Hypertension,GR113-069,"Essential hypertension and hypertensive renal disease (I10,I12,I15)",538207,41905,12.843503161913853,10.326334867029962,-2.5171682948838914,-19.598767276737288,TRUE
Ischaemic heart,GR113-058,Ischemic heart diseases (I20-I25),617196,382790,1.6123618694323258,1.7273467304019445,0.11498486096961869,7.131454988457529,FALSE
Cerebrovascular,GR113-070,Cerebrovascular diseases (I60-I69),293044,160262,1.828530780846364,2.144039959221381,0.3155091783750168,17.254791753025806,TRUE
Influenza/pneumonia,GR113-076,Influenza and pneumonia (J09-J18),320007,53542,5.976747226476411,4.981253762237748,-0.9954934642386633,-16.656107854598964,TRUE
CLRD,GR113-082,Chronic lower respiratory diseases (J40-J47),360109,152645,2.359127387074585,2.3743468712948568,0.015219484220271973,0.6451319374976507,FALSE
Renal failure,GR113-100,Renal failure (N17-N19),242628,51462,4.714702110294975,5.4479924126993335,0.7332903024043587,15.553269013606469,TRUE
